,TotalWeeds,Attempts,Successes,AttemptsSuccessRate,WeedsSuccessRate,MeanError,Method
0,10,7,7,100,70,0.004137313001724,NPC-FRG
0,10,17,8,47.0588235294118,80,0.004191171846167,NPC-DBSCAN
0,10,7,4,57.1428571428571,40,0.004676454183044,color-segmentation
