mean,median,std,successes,failures,success rate
0.0030173889696576833,0.0019112745944831803,0.0026972925425638276,14.0,1.0,0.9333333333333333
