mean,median,std,successes,failures,success rate
0.0027123507178864015,0.0023081493107132375,0.0013815224002852694,16.0,0.0,1.0
