mean,median,std,successes,failures,success rate
0.0018969925520824324,0.0017581611067862737,0.00042095557817419384,5.0,0.0,1.0
