mean,median,std,successes,failures,success rate
0.002829636979894478,0.0021127323341186732,0.0028069991564398616,15.0,1.0,0.9375
