mean,median,std,successes,failures,success rate
0.0027840933523161034,0.002256644559451034,0.002075620718942005,15.0,1.0,0.9375
