mean,median,std,successes,failures,success rate
0.0031218420189108973,0.002755320077221772,0.0021121986596639515,15.0,1.0,0.9375
