mean,median,std,successes,failures,success rate
0.005735976726564336,0.0033894509408494353,0.006879815983728094,61.0,23.0,0.7261904761904762
