mean,median,std,successes,failures,success rate
0.0026914755514470174,0.002175866268733115,0.001807178508303663,82.0,1.0,0.9879518072289156
