mean,median,std,successes,failures,success rate
0.002637995810927432,0.002145331977616032,0.0017706236875525742,83.0,1.0,0.9880952380952381
