mean,median,std,successes,failures,success rate
0.013563220833404818,0.007211904657048125,0.014985445730298268,28.0,26.0,0.5185185185185185
