mean,median,std,successes,failures,success rate
0.002652705788489683,0.002161818950970677,0.0017833096891412964,82.0,1.0,0.9879518072289156
