mean,median,std,successes,failures,success rate
0.0026203747313241423,0.0020800965509480637,0.0017783487124122795,83.0,1.0,0.9880952380952381
