mean,median,std,successes,failures,success rate
0.009646469023256516,0.004291004146191277,0.014500284650604253,52.0,22.0,0.7027027027027027
