mean,median,std,successes,failures,success rate
0.004788168547676136,0.002328435117914251,0.005977605877644159,67.0,18.0,0.788235294117647
