mean,median,std,successes,failures,success rate
0.00689029863847876,0.004899315428342696,0.006166802898256604,40.0,24.0,0.625
