mean,median,std,successes,failures,success rate
0.008033228826119072,0.0025292072994657017,0.010642268817035833,20.0,9.0,0.6896551724137931
