mean,median,std,successes,failures,success rate
0.00592809898625844,0.004014327050491884,0.006915763768159335,61.0,23.0,0.7261904761904762
