mean,median,std,successes,failures,success rate
0.005436327241050208,0.0025930416484409263,0.006909963143243393,64.0,21.0,0.7529411764705882
