mean,median,std,successes,failures,success rate
0.005919920970385505,0.002931489434925619,0.006581591007903539,56.0,24.0,0.7
