mean,median,std,successes,failures,success rate
0.008719436143806988,0.008418087870822537,0.00609990159498227,4.0,6.0,0.4
