mean,median,std,successes,failures,success rate
0.008930363472323528,0.008117086001162368,0.005572406905848884,4.0,6.0,0.4
