mean,median,std,successes,failures,success rate
0.009227385272234052,0.007578729933241875,0.0073133066257551945,2.0,2.0,0.5
