mean,median,std,successes,failures,success rate
0.009202562376353557,0.008117086001162368,0.005291157032702338,4.0,6.0,0.4
