mean,median,std,successes,failures,success rate
0.008910489590388941,0.007593916696320921,0.005934913837633162,5.0,5.0,0.5
