mean,median,std,successes,failures,success rate
0.002444755050627496,0.0018047228215576036,0.002061022045480606,10.0,0.0,1.0
